file_name,Average_Power
SQW_Run01_0_02V_0100Hz_50,424
SQW_Run03_0_02V_1000Hz_75,622
SQW_Run05_0_02V_5000Hz_75,525
SQW_Run07_0_02V_0100Hz_10,71
SQW_Run08_0_02V_5000Hz_50,297
SQW_Run09_0_02V_1000Hz_25,183
SQW_Run10_0_02V_0100Hz_75,647
SQW_Run12_0_02V_0100Hz_25,204
SQW_Run14_0_02V_1000Hz_10,55
SQW_Run15_0_02V_5000Hz_25,75
SQW_Run16_0_02V_1000Hz_50,400
SQW_Run02_0_06V_0100Hz_10,326
SQW_Run04_0_10V_5000Hz_50,2634
SQW_Run07_0_06V_1000Hz_25,782
SQW_Run02_0_10V_1000Hz_25,1403
SQW_Run17_0_10V_0100Hz_50,3014
SQW_Run18_0_10V_1000Hz_10,495